{"cameraMode":{"drawMode":0,"name":"Shaded","section":"Shading Mode"},"sceneLighting":true,"audioPlay":false,"sceneViewState":{"showFog":false,"showMaterialUpdate":false,"showSkybox":false,"showFlares":false,"showImageEffects":false,"showParticleSystems":true},"in2DMode":false,"pivot":{"x":0.06305918097496033,"y":0.7856956720352173,"z":-0.5853602886199951},"rotation":{"x":-0.0033365553244948389,"y":0.9963226318359375,"z":-0.07216966897249222,"w":-0.046062078326940539},"size":3.0258631706237795,"orthographic":false}