{"cameraMode":{"drawMode":0,"name":"Shaded","section":"Shading Mode"},"sceneLighting":true,"audioPlay":false,"sceneViewState":{"showFog":true,"showMaterialUpdate":true,"showSkybox":true,"showFlares":true,"showImageEffects":true,"showParticleSystems":true},"in2DMode":false,"pivot":{"x":11.380000114440918,"y":0.0,"z":-15.670000076293946},"rotation":{"x":-0.2082010805606842,"y":0.16921094059944154,"z":-0.03659707307815552,"w":-0.9626425504684448},"size":2.8578836917877199,"orthographic":false}