{"cameraMode":{"drawMode":0,"name":"Shaded","section":"Shading Mode"},"sceneLighting":true,"audioPlay":false,"sceneViewState":{"showFog":false,"showMaterialUpdate":false,"showSkybox":false,"showFlares":false,"showImageEffects":false,"showParticleSystems":false},"in2DMode":false,"pivot":{"x":-3.960341215133667,"y":1.0956228971481324,"z":28.24996566772461},"rotation":{"x":-0.08178701251745224,"y":0.022420445457100869,"z":-0.0018405360169708729,"w":-0.9963959455490112},"size":42.10178756713867,"orthographic":false}